name,score,rank,popularity,members,date,channel
1001 Nights,6.3,#7435,#5130,"12,288",NA,Movie
3-gatsu no Lion,8.39,#172,#276,"601,273",Fall 2016,TV
3-gatsu no Lion 2nd Season,8.96,#14,#533,"349,682",Fall 2017,TV
5-toubun no Hanayome,7.68,#1140,#179,"769,985",Winter 2019,TV
Accel World,7.25,#2707,#234,"666,001",Spring 2012,TV
Adachi to Shimamura,7.11,#3400,#1222,"157,446",Fall 2020,TV
Ahiru no Sora,7.29,#2499,#1110,"172,111",Fall 2019,TV
Ajin,7.42,#1953,#334,"532,589",Winter 2016,TV
Ajin,7.42,#1953,#334,"532,589",Winter 2016,TV
Ajin Part 2,7.6,#1349,#734,"267,840",Fall 2016,TV
Akame ga Kill!,7.47,#1748,#28,"1,831,161",Summer 2014,TV
Akame ga Kill!,7.47,#1748,#28,"1,831,161",Summer 2014,TV
Akira,8.16,#365,#212,"721,082",NA,Movie
Akira,8.16,#365,#212,"721,082",NA,Movie
Akuma no Riddle,6.61,#5732,#786,"249,307",Spring 2014,TV
Amaama to Inazuma,7.53,#1562,#690,"281,750",Summer 2016,TV
Angel Beats!,8.08,#466,#24,"1,891,714",Spring 2010,TV
Angel Beats!,8.08,#466,#24,"1,891,714",Spring 2010,TV
Ano Hi Mita Hana no Namae wo Bokutachi wa Mada Shiranai.,8.33,#207,#56,"1,451,804",Spring 2011,TV
Ano Hi Mita Hana no Namae wo Bokutachi wa Mada Shiranai.,8.33,#207,#56,"1,451,804",Spring 2011,TV
Ano Hi Mita Hana no Namae wo Bokutachi wa Mada Shiranai.,8.33,#207,#56,"1,451,804",Spring 2011,TV
Another,7.49,#1691,#52,"1,489,330",Winter 2012,TV
Another,7.49,#1691,#52,"1,489,330",Winter 2012,TV
Another,7.49,#1691,#52,"1,489,330",Winter 2012,TV
Another,7.49,#1691,#52,"1,489,330",Winter 2012,TV
Ansatsu Kyoushitsu,8.1,#443,#35,"1,720,912",Winter 2015,TV
Ansatsu Kyoushitsu,8.1,#443,#35,"1,720,912",Winter 2015,TV
Ansatsu Kyoushitsu 2nd Season,8.51,#110,#84,"1,224,139",Winter 2016,TV
Ao Haru Ride,7.65,#1202,#169,"801,995",Summer 2014,TV
Ao Haru Ride,7.65,#1202,#169,"801,995",Summer 2014,TV
Ao no Exorcist,7.52,#1603,#34,"1,728,704",Spring 2011,TV
Ao no Exorcist,7.52,#1603,#34,"1,728,704",Spring 2011,TV
Ao no Kanata no Four Rhythm,6.66,#5488,#1341,"140,044",Winter 2016,TV
Aoharu x Kikanjuu,7.17,#3100,#944,"206,920",Summer 2015,TV
Aoi Hana,7.12,#3381,#1851,"91,139",Summer 2009,TV
Asagao to Kase-san.,7.73,#1018,#1865,"89,893",NA,OVA
B: The Beginning,7.22,#2872,#620,"305,997",NA,ONA
Baccano!,8.38,#176,#162,"825,160",Summer 2007,TV
Bakemonogatari,8.34,#204,#79,"1,273,045",Summer 2009,TV
Bakemonogatari,8.34,#204,#79,"1,273,045",Summer 2009,TV
Bakemonogatari,8.34,#204,#79,"1,273,045",Summer 2009,TV
Ballroom e Youkoso,8.19,#336,#669,"289,392",Summer 2017,TV
Barakamon,8.39,#173,#282,"595,618",Summer 2014,TV
Bartender,7.35,#2212,#1993,"81,265",Fall 2006,TV
Beastars,7.89,#727,#209,"723,191",Fall 2019,TV
Beastars 2nd Season,7.86,#774,#507,"361,560",Winter 2021,TV
Ben-To,7.22,#2874,#632,"302,943",Fall 2011,TV
Berserk,6.3,#7438,#602,"314,881",Summer 2016,TV
Black Bullet,7.11,#3404,#157,"840,558",Spring 2014,TV
Black Bullet,7.11,#3404,#157,"840,558",Spring 2014,TV
Black Clover,8.12,#411,#73,"1,333,001",Fall 2017,TV
Black Clover,8.12,#411,#73,"1,333,001",Fall 2017,TV
Bleach,7.86,#775,#40,"1,640,701",Fall 2004,TV
Bleach,7.86,#775,#40,"1,640,701",Fall 2004,TV
Bleach,7.86,#775,#40,"1,640,701",Fall 2004,TV
Blood+,7.63,#1258,#531,"350,795",Fall 2005,TV
Blood-C,6.53,#6175,#585,"322,914",Summer 2011,TV
Blue Period,7.86,#776,#558,"334,767",Fall 2021,TV
Boku dake ga Inai Machi,8.32,#223,#32,"1,814,114",Winter 2016,TV
Boku no Hero Academia,7.94,#648,#6,"2,614,258",Spring 2016,TV
Boku no Hero Academia 2nd Season,8.16,#366,#14,"2,193,185",Spring 2017,TV
Boku no Hero Academia 3rd Season,8.09,#452,#25,"1,882,450",Spring 2018,TV
Boku no Hero Academia 4th Season,7.95,#628,#58,"1,442,909",Fall 2019,TV
"Boku no Imouto wa ""Osaka Okan""",5.77,#9852,#4341,"18,584",Winter 2013,TV
Boku no Pico,4.24,N/A,#1152,"167,893",NA,OVA
Bokura wa Minna Kawai-sou,7.68,#1142,#524,"353,642",Spring 2014,TV
Boogiepop wa Warawanai,7.15,#3210,#1553,"114,863",Winter 2000,TV
Boogiepop wa Warawanai (2019),7.08,#3547,#948,"205,176",Winter 2019,TV
Btooom!,7.31,#2400,#172,"785,114",Fall 2012,TV
Bungou Stray Dogs,7.82,#848,#91,"1,132,767",Spring 2016,TV
Bungou Stray Dogs,7.82,#848,#91,"1,132,767",Spring 2016,TV
Bungou Stray Dogs,7.82,#848,#91,"1,132,767",Spring 2016,TV
Bungou Stray Dogs 2nd Season,8.2,#330,#224,"697,551",Fall 2016,TV
Bungou Stray Dogs 3rd Season,8.21,#312,#366,"487,535",Spring 2019,TV
Byousoku 5 Centimeter,7.61,#1316,#156,"841,883",NA,Movie
Byousoku 5 Centimeter,7.61,#1316,#156,"841,883",NA,Movie
C: The Money of Soul and Possibility Control,7.2,#2981,#686,"283,102",Spring 2011,TV
Candy Boy: Nonchalant Talk of the Certain Twin Sisters in Daily Life,6.8,#4788,#2175,"70,273",NA,ONA
Candy.zip,5.89,#9407,#15054,324,NA,Movie
Cardcaptor Sakura: Kero-chan ni Omakase!,7.33,#2306,#3487,"29,792",NA,Movie
Changbaekhan Eolkuldeul,N/A,#16277,#18231,123,NA,Movie
Charlotte,7.75,#975,#64,"1,399,075",Summer 2015,TV
Chihayafuru,8.2,#331,#437,"413,492",Fall 2011,TV
Chihayafuru,8.2,#331,#437,"413,492",Fall 2011,TV
Chihayafuru 2,8.4,#161,#914,"213,192",Winter 2013,TV
Chuuka Ichiban!,7.61,#1317,#4406,"17,915",Spring 1997,TV
Chuunibyou demo Koi ga Shitai!,7.72,#1055,#86,"1,210,600",Fall 2012,TV
Chuunibyou demo Koi ga Shitai!,7.72,#1055,#86,"1,210,600",Fall 2012,TV
Citrus,6.47,#6501,#397,"452,351",Winter 2018,TV
Clannad,8.01,#552,#77,"1,291,373",Fall 2007,TV
Clannad,8.01,#552,#77,"1,291,373",Fall 2007,TV
Clannad,8.01,#552,#77,"1,291,373",Fall 2007,TV
Clannad: After Story,8.94,#18,#105,"1,075,204",Fall 2008,TV
Clannad: After Story,8.94,#18,#105,"1,075,204",Fall 2008,TV
Clannad: After Story,8.94,#18,#105,"1,075,204",Fall 2008,TV
Code Geass: Hangyaku no Lelouch,8.7,#50,#17,"1,976,759",Fall 2006,TV
Code Geass: Hangyaku no Lelouch,8.7,#50,#17,"1,976,759",Fall 2006,TV
Code Geass: Hangyaku no Lelouch,8.7,#50,#17,"1,976,759",Fall 2006,TV
Code Geass: Hangyaku no Lelouch R2,8.91,#20,#47,"1,558,951",Spring 2008,TV
Code Geass: Hangyaku no Lelouch R2,8.91,#20,#47,"1,558,951",Spring 2008,TV
Code Geass: Hangyaku no Lelouch R2,8.91,#20,#47,"1,558,951",Spring 2008,TV
Corpse Party: Tortured Souls - Bougyakusareta Tamashii no Jukyou,6.47,#6504,#543,"342,869",NA,OVA
Cowboy Bebop,8.76,#37,#42,"1,603,597",Spring 1998,TV
Cowboy Bebop,8.76,#37,#42,"1,603,597",Spring 1998,TV
Dagashi Kashi,6.61,#5740,#447,"407,138",Winter 2016,TV
Dagashi Kashi 2,6.84,#4603,#1296,"145,851",Winter 2018,TV
Dakaretai Otoko 1-i ni Odosarete Imasu.,7.41,#1979,#1398,"131,581",Fall 2018,TV
Danganronpa 3: The End of Kibougamine Gakuen - Mirai-hen,7.27,#2607,#597,"316,429",Summer 2016,TV
Danganronpa 3: The End of Kibougamine Gakuen - Zetsubou-hen,7.41,#1980,#682,"284,779",Summer 2016,TV
Danganronpa: Kibou no Gakuen to Zetsubou no Koukousei The Animation,7.23,#2803,#153,"844,823",Summer 2013,TV
Danganronpa: Kibou no Gakuen to Zetsubou no Koukousei The Animation,7.23,#2803,#153,"844,823",Summer 2013,TV
Darker than Black: Kuro no Keiyakusha,8.08,#467,#149,"860,681",Spring 2007,TV
Darker than Black: Kuro no Keiyakusha,8.08,#467,#149,"860,681",Spring 2007,TV
Darling in the FranXX,7.24,#2776,#61,"1,409,098",Winter 2018,TV
Darling in the FranXX,7.24,#2776,#61,"1,409,098",Winter 2018,TV
Darling in the FranXX,7.24,#2776,#61,"1,409,098",Winter 2018,TV
Darling in the FranXX,7.24,#2776,#61,"1,409,098",Winter 2018,TV
Date A Live,7.17,#3108,#137,"908,562",Spring 2013,TV
Date A Live,7.17,#3108,#137,"908,562",Spring 2013,TV
Date A Live,7.17,#3108,#137,"908,562",Spring 2013,TV
Deadman Wonderland,7.17,#3111,#95,"1,120,412",Spring 2011,TV
Deadman Wonderland,7.17,#3111,#95,"1,120,412",Spring 2011,TV
Deadman Wonderland,7.17,#3111,#95,"1,120,412",Spring 2011,TV
Death Billiards,7.9,#715,#886,"220,358",NA,Movie
Death Note,8.62,#71,#2,"3,385,921",Fall 2006,TV
Death Note,8.62,#71,#2,"3,385,921",Fall 2006,TV
Death Parade,8.17,#354,#49,"1,541,285",Winter 2015,TV
Death Parade,8.17,#354,#49,"1,541,285",Winter 2015,TV
Death Parade,8.17,#354,#49,"1,541,285",Winter 2015,TV
Devilman: Crybaby,7.77,#935,#123,"952,548",NA,ONA
Devilman: Crybaby,7.77,#935,#123,"952,548",NA,ONA
Devilman: Crybaby,7.77,#935,#123,"952,548",NA,ONA
Diamond no Ace,8.1,#444,#895,"218,042",Fall 2013,TV
Dorohedoro,8.07,#479,#417,"434,136",Winter 2020,TV
Dororo,8.23,#290,#119,"1,000,239",Winter 2019,TV
Dororo,8.23,#290,#119,"1,000,239",Winter 2019,TV
Doukyuusei (Movie),8.31,#227,#852,"227,596",NA,Movie
Dr. Stone,8.3,#242,#60,"1,426,995",Summer 2019,TV
Dr. Stone,8.3,#242,#60,"1,426,995",Summer 2019,TV
Dr. Stone,8.3,#242,#60,"1,426,995",Summer 2019,TV
Dr. Stone: Stone Wars,8.18,#353,#167,"807,789",Winter 2021,TV
Dragon Ball,7.96,#617,#140,"904,810",Winter 1986,TV
Dragon Ball,7.96,#617,#140,"904,810",Winter 1986,TV
Dragon Ball Z,8.15,#376,#100,"1,088,967",Spring 1989,TV
Dragon Ball Z,8.15,#376,#100,"1,088,967",Spring 1989,TV
Dragon Ball Z,8.15,#376,#100,"1,088,967",Spring 1989,TV
Dungeon ni Deai wo Motomeru no wa Machigatteiru Darou ka,7.57,#1424,#71,"1,342,088",Spring 2015,TV
Dungeon ni Deai wo Motomeru no wa Machigatteiru Darou ka,7.57,#1424,#71,"1,342,088",Spring 2015,TV
Dungeon ni Deai wo Motomeru no wa Machigatteiru Darou ka,7.57,#1424,#71,"1,342,088",Spring 2015,TV
Dungeon ni Deai wo Motomeru no wa Machigatteiru Darou ka,7.57,#1424,#71,"1,342,088",Spring 2015,TV
Durarara!!,8.12,#417,#78,"1,284,937",Winter 2010,TV
Durarara!!,8.12,#417,#78,"1,284,937",Winter 2010,TV
Elfen Lied,7.51,#1630,#66,"1,375,382",Summer 2004,TV
Elfen Lied,7.51,#1630,#66,"1,375,382",Summer 2004,TV
Elfen Lied,7.51,#1630,#66,"1,375,382",Summer 2004,TV
Elfen Lied,7.51,#1630,#66,"1,375,382",Summer 2004,TV
Emiya-san Chi no Kyou no Gohan,7.8,#884,#1579,"112,804",NA,ONA
Enen no Shouboutai,7.69,#1115,#104,"1,076,809",Summer 2019,TV
Ergo Proxy,7.91,#691,#306,"570,050",Winter 2006,TV
Eyeshield 21,7.92,#681,#1149,"167,972",Spring 2005,TV
Fairy Tail,7.59,#1370,#45,"1,576,429",Fall 2009,TV
Fairy Tail,7.59,#1370,#45,"1,576,429",Fall 2009,TV
Fairy Tail,7.59,#1370,#45,"1,576,429",Fall 2009,TV
Fairy Tail (2014),7.66,#1196,#146,"877,396",Spring 2014,TV
Fate/stay night,7.29,#2515,#148,"863,275",Winter 2006,TV
Fate/stay night: Unlimited Blade Works,8.19,#337,#126,"940,311",Fall 2014,TV
Fate/Zero,8.29,#246,#68,"1,346,866",Fall 2011,TV
Fate/Zero,8.29,#246,#68,"1,346,866",Fall 2011,TV
Fate/Zero 2nd Season,8.57,#87,#120,"997,872",Spring 2012,TV
FLCL,8.03,#525,#207,"725,797",NA,OVA
FLCL,8.03,#525,#207,"725,797",NA,OVA
FLCL Alternative,6.53,#6186,#1917,"86,406",NA,Movie
FLCL Progressive,6.38,#7027,#1490,"120,441",NA,Movie
FLCL: Grunge,N/A,N/A,#4879,"13,793",NA,TV
Free!,7.34,#2290,#206,"726,768",Summer 2013,TV
Free! Dive to the Future,7.61,#1321,#1204,"159,491",Summer 2018,TV
Free! Eternal Summer,7.64,#1240,#486,"379,869",Summer 2014,TV
Fullmetal Alchemist,8.12,#418,#70,"1,346,103",Fall 2003,TV
Fullmetal Alchemist,8.12,#418,#70,"1,346,103",Fall 2003,TV
Fullmetal Alchemist,8.12,#418,#70,"1,346,103",Fall 2003,TV
Fullmetal Alchemist: Brotherhood,9.14,#1,#3,"2,868,142",Spring 2009,TV
Fullmetal Alchemist: Brotherhood,9.14,#1,#3,"2,868,142",Spring 2009,TV
Fullmetal Alchemist: Brotherhood,9.14,#1,#3,"2,868,142",Spring 2009,TV
Fullmetal Alchemist: Brotherhood,9.14,#1,#3,"2,868,142",Spring 2009,TV
Gakkougurashi!,7.62,#1307,#454,"403,365",Summer 2015,TV
Gakkougurashi!,7.62,#1307,#454,"403,365",Summer 2015,TV
Gakuen Heaven,6.49,#6418,#2326,"62,943",Spring 2006,TV
Gakusen Toshi Asterisk,6.84,#4613,#286,"591,992",Fall 2015,TV
Gankutsuou,8.15,#377,#864,"224,961",Fall 2004,TV
Gantz,7.01,#3870,#580,"326,416",Spring 2004,TV
Ga-Rei: Zero,7.6,#1358,#869,"224,422",Fall 2008,TV
Gekkan Shoujo Nozaki-kun,7.86,#780,#159,"836,640",Summer 2014,TV
Genius Party,7.17,#3118,#3224,"34,778",NA,Movie
Genius Party Beyond,7.2,#2990,#4362,"18,350",NA,Movie
Gintama,8.95,#16,#127,"938,547",Spring 2006,TV
Gintama,8.95,#16,#127,"938,547",Spring 2006,TV
Given,8.35,#195,#387,"461,712",Summer 2019,TV
Given,8.35,#195,#387,"461,712",Summer 2019,TV
Given Movie,8.16,#369,#1038,"184,101",NA,Movie
Given: Uragawa no Sonzai,8.16,#370,#2404,"59,672",NA,OVA
Goblin Slayer,7.42,#1961,#128,"936,980",Fall 2018,TV
Golden Time,7.75,#981,#141,"899,920",Fall 2013,TV
Golden Time,7.75,#981,#141,"899,920",Fall 2013,TV
Gosick,8.07,#483,#362,"491,860",Winter 2011,TV
Gravitation,6.96,#4080,#1586,"112,035",Fall 2000,TV
Great Pretender,8.26,#268,#340,"525,692",Summer 2020,TV
Guilty Crown,7.44,#1892,#97,"1,115,333",Fall 2011,TV
Guilty Crown,7.44,#1892,#97,"1,115,333",Fall 2011,TV
Gyakkyou Burai Kaiji: Ultimate Survivor,8.28,#257,#611,"310,381",Fall 2007,TV
Haikyuu!!,8.45,#136,#38,"1,682,232",Spring 2014,TV
Haikyuu!! Riku vs. Kuu,7.82,#850,#798,"245,904",NA,OVA
Haikyuu!! Second Season,8.65,#63,#83,"1,230,807",Fall 2015,TV
Haikyuu!! To the Top,8.36,#190,#182,"763,849",Winter 2020,TV
Haikyuu!! To the Top Part 2,8.54,#99,#243,"645,157",Fall 2020,TV
Haikyuu!!: Karasuno Koukou vs. Shiratorizawa Gakuen Koukou,8.79,#32,#111,"1,027,725",Fall 2016,TV
Hajime no Ippo,8.74,#42,#376,"477,248",Fall 2000,TV
Hajime no Ippo: New Challenger,8.66,#60,#812,"240,643",Winter 2009,TV
Hajime no Ippo: Rising,8.59,#78,#910,"213,973",Fall 2013,TV
Hanebado!,6.87,#4460,#1299,"145,451",Summer 2018,TV
Happy Sugar Life,6.82,#4697,#770,"253,923",Summer 2018,TV
Happy Sugar Life,6.82,#4697,#770,"253,931",Summer 2018,TV
Hataraku Maou-sama!,7.78,#923,#67,"1,353,769",Spring 2013,TV
Hataraku Maou-sama!,7.78,#923,#67,"1,353,769",Spring 2013,TV
Hataraku Maou-sama!,7.78,#923,#67,"1,353,769",Spring 2013,TV
Hataraku Maou-sama!,7.78,#923,#67,"1,353,769",Spring 2013,TV
Hellsing,7.49,#1700,#247,"642,748",Fall 2001,TV
Hellsing Ultimate,8.36,#191,#165,"813,149",NA,OVA
Hidan no Aria AA,6.21,#7900,#1814,"93,469",Fall 2015,TV
Higashi no Eden,7.78,#925,#341,"523,976",Spring 2009,TV
Higashi no Eden,7.78,#925,#341,"523,976",Spring 2009,TV
High School DxD,7.35,#2220,#80,"1,262,641",Winter 2012,TV
High School DxD,7.35,#2221,#80,"1,262,641",Winter 2012,TV
High School DxD New,7.49,#1704,#164,"822,673",Summer 2013,TV
Highschool of the Dead,7.08,#3561,#69,"1,346,491",Summer 2010,TV
Highschool of the Dead,7.08,#3561,#69,"1,346,491",Summer 2010,TV
Higurashi no Naku Koro ni,7.9,#722,#202,"732,755",Spring 2006,TV
Higurashi no Naku Koro ni,7.9,#722,#202,"732,755",Spring 2006,TV
Higurashi no Naku Koro ni,7.9,#722,#202,"732,755",Spring 2006,TV
Higurashi no Naku Koro ni Gou,7.2,#2992,#830,"233,795",Fall 2020,TV
Higurashi no Naku Koro ni Kai,8.19,#340,#410,"441,363",Summer 2007,TV
Higurashi no Naku Koro ni Sotsu,6.77,#4927,#1886,"88,125",Summer 2021,TV
Hitorijime My Hero,7.34,#2296,#1297,"145,836",Summer 2017,TV
Horimiya,8.21,#314,#115,"1,013,233",Winter 2021,TV
Hoshiai no Sora,7.59,#1374,#1129,"170,289",Fall 2019,TV
Howl no Ugoku Shiro,8.66,#61,#96,"1,119,428",NA,Movie
Howl no Ugoku Shiro,8.66,#61,#96,"1,119,478",NA,Movie
Howl no Ugoku Shiro,8.66,#61,#96,"1,119,478",NA,Movie
Howl no Ugoku Shiro,8.66,#61,#96,"1,119,478",NA,Movie
Hunter x Hunter (2011),9.05,#8,#10,"2,351,602",Fall 2011,TV
Hunter x Hunter (2011),9.05,#8,#10,"2,351,602",Fall 2011,TV
Hunter x Hunter (2011),9.05,#8,#10,"2,351,602",Fall 2011,TV
Hybrid Child,7.57,#1431,#2119,"72,851",NA,OVA
Hyouka,8.1,#446,#87,"1,206,576",Spring 2012,TV
Hyouka,8.1,#446,#87,"1,206,576",Spring 2012,TV
Inaka Isha,6.68,#5386,#4247,"19,363",NA,Movie
Inazuma Eleven,7.65,#1209,#1049,"182,451",Fall 2008,TV
Inugami-san to Nekoyama-san,6.54,#6158,#2128,"72,335",Spring 2014,TV
IS: Infinite Stratos,6.66,#5512,#293,"585,224",Winter 2011,TV
Isekai Izakaya: Koto Aitheria no Izakaya Nobu,7.42,#1966,#3317,"32,988",NA,ONA
Isekai Shokudou,7.38,#2131,#940,"208,182",Summer 2017,TV
Isekai Shokudou 2,7.65,#1210,#2254,"66,457",Fall 2021,TV
Jigoku Shoujo,7.62,#1310,#579,"326,483",Fall 2005,TV
JoJo no Kimyou na Bouken (TV),7.92,#683,#65,"1,395,381",Fall 2012,TV
JoJo no Kimyou na Bouken (TV),7.92,#683,#65,"1,395,381",Fall 2012,TV
JoJo no Kimyou na Bouken Part 3: Stardust Crusaders,8.1,#447,#116,"1,011,723",Spring 2014,TV
JoJo no Kimyou na Bouken Part 3: Stardust Crusaders,8.1,#447,#116,"1,011,723",Spring 2014,TV
JoJo no Kimyou na Bouken Part 3: Stardust Crusaders,8.1,#447,#116,"1,011,723",Spring 2014,TV
JoJo no Kimyou na Bouken Part 3: Stardust Crusaders 2nd Season,8.44,#145,#134,"922,704",Winter 2015,TV
JoJo no Kimyou na Bouken Part 3: Stardust Crusaders 2nd Season,8.44,#145,#134,"922,704",Winter 2015,TV
JoJo no Kimyou na Bouken Part 3: Stardust Crusaders 2nd Season,8.44,#145,#134,"922,704",Winter 2015,TV
JoJo no Kimyou na Bouken Part 4: Diamond wa Kudakenai,8.5,#121,#131,"924,901",Spring 2016,TV
JoJo no Kimyou na Bouken Part 4: Diamond wa Kudakenai,8.5,#121,#131,"924,901",Spring 2016,TV
JoJo no Kimyou na Bouken Part 4: Diamond wa Kudakenai,8.5,#121,#131,"924,901",Spring 2016,TV
JoJo no Kimyou na Bouken Part 4: Diamond wa Kudakenai,8.5,#121,#131,"924,901",Spring 2016,TV
Jujutsu Kaisen (TV),8.69,#52,#27,"1,834,033",Fall 2020,TV
Jujutsu Kaisen (TV),8.69,#52,#27,"1,834,033",Fall 2020,TV
Junjou Romantica,7.54,#1556,#825,"235,901",Spring 2008,TV
Junjou Romantica 2,7.75,#986,#1145,"168,148",Fall 2008,TV
Junjou Romantica 3,7.66,#1199,#1593,"110,943",Summer 2015,TV
Junjou Romantica OVA,7.73,#1026,#2612,"51,033",NA,OVA
K,7.45,#1836,#223,"699,070",Fall 2012,TV
Kaguya-sama wa Kokurasetai: Tensai-tachi no Renai Zunousen,8.4,#166,#63,"1,403,485",Winter 2019,TV
Kaguya-sama wa Kokurasetai: Ultra Romantic,8.99,#13,#402,"448,135",Spring 2022,TV
Kaguya-sama wa Kokurasetai? Tensai-tachi no Renai Zunousen,8.65,#64,#106,"1,064,066",Spring 2020,TV
Kaichou wa Maid-sama!,8.02,#548,#98,"1,114,545",Spring 2010,TV
Kaichou wa Maid-sama!,8.02,#548,#98,"1,114,545",Spring 2010,TV
Kakegurui,7.26,#2700,#81,"1,259,191",Summer 2017,TV
Kakegurui,7.26,#2700,#81,"1,259,191",Summer 2017,TV
Kakuriyo no Yadomeshi,7.52,#1616,#1358,"136,934",Spring 2018,TV
Kami no Tou,7.57,#1432,#183,"763,796",Spring 2020,TV
Kanashimi no Belladonna,7.12,#3391,#3208,"35,065",NA,Movie
Kannazuki no Miko,6.82,#4704,#2270,"65,677",Fall 2004,TV
"Kanojo, Okarishimasu",7.24,#2790,#173,"784,210",Summer 2020,TV
Kara no Kyoukai Movie 1: Fukan Fuukei,7.59,#1375,#476,"385,597",NA,Movie
Kashimashi: Girl Meets Girl,6.64,#5607,#2737,"46,939",Winter 2006,TV
Kaze ga Tsuyoku Fuiteiru,8.41,#160,#757,"259,466",Fall 2018,TV
Kaze no Na wa Amnesia,6.34,#7234,#4538,"16,738",NA,Movie
Keijo!!!!!!!!,6.95,#4108,#512,"360,829",Fall 2016,TV
Kenpuu Denki Berserk,8.53,#104,#331,"534,021",Fall 1997,TV
Keppeki Danshi! Aoyama-kun,6.97,#4024,#1159,"167,610",Summer 2017,TV
Kill la Kill,8.05,#499,#48,"1,541,308",Fall 2013,TV
Kill la Kill,8.05,#499,#48,"1,541,308",Fall 2013,TV
Kimetsu no Yaiba,8.55,#91,#9,"2,408,616",Spring 2019,TV
Kimetsu no Yaiba,8.55,#91,#9,"2,408,616",Spring 2019,TV
Kimetsu no Yaiba Movie: Mugen Ressha-hen,8.67,#59,#92,"1,129,146",NA,Movie
Kimi ni Todoke,8,#573,#168,"803,426",Fall 2009,TV
Kimi ni Todoke,8,#573,#168,"803,426",Fall 2009,TV
Kimi ni Todoke 2nd Season,7.99,#580,#452,"403,933",Winter 2011,TV
Kimi no Na wa.,8.87,#24,#11,"2,341,059",NA,Movie
Kimi no Na wa.,8.87,#24,#11,"2,341,059",NA,Movie
Kimi no Suizou wo Tabetai,8.57,#89,#187,"759,212",NA,Movie
Kirepapa.,6.62,N/A,#2614,"51,000",NA,OVA
Kiseijuu: Sei no Kakuritsu,8.35,#196,#41,"1,622,429",Fall 2014,TV
Kiseijuu: Sei no Kakuritsu,8.35,#196,#41,"1,622,429",Fall 2014,TV
Kiseijuu: Sei no Kakuritsu,8.35,#196,#41,"1,622,429",Fall 2014,TV
Kiznaiver,7.39,#2067,#236,"661,129",Spring 2016,TV
Kobayashi-san Chi no Maid Dragon,8,#574,#103,"1,077,756",Winter 2017,TV
Kobayashi-san Chi no Maid Dragon,8,#574,#103,"1,077,756",Winter 2017,TV
Kobayashi-san Chi no Maid Dragon S,8.38,#180,#412,"438,431",Summer 2021,TV
Koe no Katachi,8.96,#15,#19,"1,950,367",NA,Movie
Koisuru Boukun,6.98,N/A,#2294,"64,306",NA,OVA
K-On!,7.85,#796,#124,"944,000",Spring 2009,TV
Kono Subarashii Sekai ni Shukufuku wo!,8.12,#421,#37,"1,686,241",Winter 2016,TV
Kono Subarashii Sekai ni Shukufuku wo!,8.12,#421,#37,"1,686,241",Winter 2016,TV
Kono Subarashii Sekai ni Shukufuku wo!,8.12,#421,#37,"1,686,241",Winter 2016,TV
Kono Subarashii Sekai ni Shukufuku wo! 2,8.28,#259,#75,"1,303,609",Winter 2017,TV
Kono Subarashii Sekai ni Shukufuku wo! 2,8.28,#259,#75,"1,303,609",Winter 2017,TV
Kono Subarashii Sekai ni Shukufuku wo! 2,8.28,#259,#75,"1,303,609",Winter 2017,TV
Konohana Kitan,7.52,#1620,#1363,"136,100",Fall 2017,TV
Kotonoha no Niwa,7.92,#685,#189,"751,916",NA,Movie
Koufuku Graffiti,6.79,#4834,#2075,"75,302",Winter 2015,TV
Koutetsujou no Kabaneri,7.26,#2703,#211,"721,736",Spring 2016,TV
Kuroko no Basket,8.08,#475,#108,"1,052,442",Spring 2012,TV
Kuroko no Basket 2nd Season,8.23,#294,#192,"748,602",Fall 2013,TV
Kuroko no Basket 3rd Season,8.31,#231,#237,"660,866",Winter 2015,TV
Kuroko no Basket Movie 4: Last Game,8.08,#476,#796,"246,682",NA,Movie
Kuroshitsuji,7.68,#1154,#107,"1,061,510",Fall 2008,TV
Kuroshitsuji,7.68,#1154,#107,"1,061,510",Fall 2008,TV
Kuroshitsuji,7.68,#1154,#107,"1,061,510",Fall 2008,TV
Kyoukai no Kanata,7.74,#1014,#110,"1,047,235",Fall 2013,TV
Kyoukai no Kanata,7.74,#1014,#110,"1,047,235",Fall 2013,TV
Kyoukai no Kanata,7.74,#1014,#110,"1,047,235",Fall 2013,TV
Ling Qi,7.18,#3097,#2000,"80,847",NA,ONA
Log Horizon,7.95,#636,#114,"1,015,669",Fall 2013,TV
Log Horizon,7.95,#636,#114,"1,015,669",Fall 2013,TV
Look at Me Only,6.18,#8061,#15358,299,NA,Movie
Love Live! School Idol Project,7.41,#1993,#436,"413,732",Winter 2013,TV
Love Stage!!,7.23,#2825,#826,"235,892",Summer 2014,TV
Love Stage!!: Chotto ja Nakutte,7.41,#1994,#2414,"59,301",NA,OVA
Loveless,6.79,#4835,#1389,"132,768",Spring 2005,TV
Made in Abyss,8.68,#53,#94,"1,124,760",Summer 2017,TV
Made in Abyss,8.68,#53,#94,"1,124,760",Summer 2017,TV
Made in Abyss,8.68,#53,#94,"1,124,760",Summer 2017,TV
Made in Abyss,8.68,#53,#94,"1,124,760",Summer 2017,TV
Made in Abyss,8.68,#53,#94,"1,124,760",Summer 2017,TV
Magi: The Labyrinth of Magic,8.03,#529,#129,"932,761",Fall 2012,TV
Mahouka Koukou no Rettousei,7.44,#1899,#125,"941,460",Spring 2014,TV
Mahouka Koukou no Rettousei,7.44,#1899,#125,"941,460",Spring 2014,TV
Mahouka Koukou no Rettousei,7.44,#1899,#125,"941,460",Spring 2014,TV
Mahoutsukai no Yome,8.07,#486,#177,"777,196",Fall 2017,TV
Mai-HiME,7.43,#1916,#1624,"108,644",Fall 2004,TV
Maria-sama ga Miteru,7.31,#2418,#2367,"61,001",Winter 2004,TV
Mawaru Penguindrum,7.96,#613,#701,"277,557",Summer 2011,TV
Megalo Box,7.89,#731,#396,"452,407",Spring 2018,TV
Mieruko-chan,7.47,#1761,#508,"361,461",Fall 2021,TV
Mikagura Gakuen Kumikyoku (TV),6.69,#5335,#1953,"84,012",Spring 2015,TV
Mind Game,7.78,#910,#2154,"71,243",NA,Movie
Mirai Nikki (TV),7.45,#1845,#29,"1,824,520",Fall 2011,TV
Mirai Nikki (TV),7.45,#1845,#29,"1,824,520",Fall 2011,TV
Mirai Nikki (TV),7.45,#1845,#29,"1,824,520",Fall 2011,TV
Mnemosyne: Mnemosyne no Musume-tachi,7.28,#2563,#1138,"169,089",Winter 2008,TV
Mob Psycho 100,8.48,#124,#36,"1,713,971",Summer 2016,TV
Mob Psycho 100,8.48,#124,#36,"1,713,971",Summer 2016,TV
Mob Psycho 100,8.48,#124,#36,"1,713,971",Summer 2016,TV
Mob Psycho 100 II,8.81,#28,#85,"1,222,687",Winter 2019,TV
Mob Psycho 100 II,8.81,#28,#85,"1,222,687",Winter 2019,TV
Monochrome Factor,6.96,#4054,#2478,"56,689",Spring 2008,TV
Monogatari Series: Second Season,8.78,#35,#273,"607,416",Summer 2013,TV
Mononoke,8.43,#149,#710,"275,509",Summer 2007,TV
Mononoke Hime,8.68,#55,#101,"1,088,519",NA,Movie
Mononoke Hime,8.68,#55,#101,"1,088,519",NA,Movie
Monster,8.83,#27,#154,"842,541",Spring 2004,TV
Monster,8.83,#27,#154,"842,541",Spring 2004,TV
Mousou Dairinin,7.67,#1171,#518,"356,956",Winter 2004,TV
Mousou Dairinin,7.67,#1171,#518,"356,956",Winter 2004,TV
Moyashimon,7.57,#1435,#2208,"68,571",Fall 2007,TV
Moyashimon Returns,7.21,#2933,#3884,"23,837",Summer 2012,TV
Munou na Nana,7.2,#2956,#736,"266,233",Fall 2020,TV
Mushishi,8.67,#56,#201,"735,543",Fall 2005,TV
Mushishi,8.67,#56,#201,"735,543",Fall 2005,TV
Mushoku Tensei: Isekai Ittara Honki Dasu,8.37,#184,#133,"922,906",Winter 2021,TV
Nami,2.25,#12601,#4695,"15,278",NA,Movie
Nana,8.51,#114,#327,"543,100",Spring 2006,TV
Nanatsu no Taizai,7.71,#1081,#30,"1,822,649",Fall 2014,TV
Nanatsu no Taizai,7.71,#1081,#30,"1,822,649",Fall 2014,TV
Nanatsu no Taizai,7.71,#1081,#30,"1,822,649",Fall 2014,TV
Nanatsu no Taizai: Imashime no Fukkatsu,7.64,#1223,#121,"991,313",Winter 2018,TV
Nanatsu no Taizai: Imashime no Fukkatsu,7.64,#1223,#121,"991,313",Winter 2018,TV
Naruto,7.97,#603,#8,"2,467,248",Fall 2002,TV
Naruto,7.97,#603,#8,"2,467,248",Fall 2002,TV
Naruto,7.97,#603,#8,"2,467,248",Fall 2002,TV
Naruto: Shippuuden,8.24,#280,#16,"2,100,191",Winter 2007,TV
Naruto: Shippuuden,8.24,#280,#16,"2,100,191",Winter 2007,TV
Naruto: Shippuuden,8.24,#280,#16,"2,100,191",Winter 2007,TV
Naruto: Shippuuden - Sunny Side Battle,7.54,#1531,#2352,"61,711",NA,Special
Natsume Yuujinchou,8.32,#215,#371,"480,283",Summer 2008,TV
Nekojiru-sou,7.32,#2352,#2187,"69,486",NA,OVA
Neon Genesis Evangelion,8.34,#201,#50,"1,539,612",Fall 1995,TV
Neon Genesis Evangelion,8.34,#201,#50,"1,539,612",Fall 1995,TV
Neon Genesis Evangelion,8.34,#201,#50,"1,539,612",Fall 1995,TV
Neon Genesis Evangelion,8.34,#201,#50,"1,539,612",Fall 1995,TV
Neon Genesis Evangelion: The End of Evangelion,8.55,#93,#175,"781,771",NA,Movie
Neon Genesis Evangelion: The End of Evangelion,8.55,#93,#175,"781,771",NA,Movie
Netsuzou TRap,5.35,#11274,#1324,"142,821",Summer 2017,TV
Nihon Animator Mihonichi,7.35,#2233,#3112,"37,084",NA,ONA
Nisekoi,7.6,#1341,#108,"1,052,513",Winter 2014,TV
Nisekoi,7.6,#1341,#109,"1,052,513",Winter 2014,TV
Nisemonogatari,8.15,#382,#230,"673,806",Winter 2012,TV
No Game No Life,8.11,#432,#15,"2,143,369",Spring 2014,TV
No Game No Life,8.11,#432,#15,"2,143,369",Spring 2014,TV
Nomad: Megalo Box 2,8.21,#319,#1157,"167,633",Spring 2021,TV
Non Non Biyori,7.95,#637,#479,"384,294",Fall 2013,TV
Noragami,7.97,#604,#22,"1,922,589",Winter 2014,TV
Noragami,7.97,#604,#22,"1,922,589",Winter 2014,TV
Noragami Aragoto,8.17,#360,#76,"1,301,658",Fall 2015,TV
One Outs,8.34,#202,#913,"213,208",Fall 2008,TV
One Piece,8.64,#67,#26,"1,861,846",Fall 1999,TV
One Piece,8.64,#67,#26,"1,861,846",Fall 1999,TV
One Piece,8.64,#67,#26,"1,861,846",Fall 1999,TV
One Punch Man,8.51,#115,#4,"2,778,154",Fall 2015,TV
One Punch Man,8.51,#115,#4,"2,778,154",Fall 2015,TV
One Punch Man 2nd Season,7.46,#1785,#62,"1,405,024",Spring 2019,TV
Ookami Kodomo no Ame to Yuki,8.59,#77,#203,"732,028",NA,Movie
Orange,7.62,#1290,#213,"721,055",Summer 2016,TV
Osake wa Fuufu ni Natte kara,6.97,#4035,#1028,"186,063",Fall 2017,TV
Osake wa Fuufu ni Natte kara: Yuzu Atsukan,7.06,#3630,#3569,"28,468",NA,ONA
Ouran Koukou Host Club,8.16,#362,#117,"1,004,722",Spring 2006,TV
Ouran Koukou Host Club,8.16,#362,#117,"1,004,722",Spring 2006,TV
Overlord,7.92,#672,#72,"1,337,348",Summer 2015,TV
Overlord,7.92,#672,#72,"1,337,348",Summer 2015,TV
Overlord,7.92,#672,#72,"1,337,348",Summer 2015,TV
Overlord II,7.76,#955,#152,"844,894",Winter 2018,TV
Owari no Seraph,7.49,#1714,#88,"1,160,973",Spring 2015,TV
Owari no Seraph,7.49,#1714,#88,"1,160,973",Spring 2015,TV
Pan de Peace!,5.63,#10413,#3434,"30,516",Spring 2016,TV
Panty & Stocking in Sanitarybox,6.39,#6983,#3177,"35,646",NA,Special
Papa to Kiss in the Dark,5.92,N/A,#2722,"47,424",NA,OVA
Paprika,8.04,#505,#393,"455,771",NA,Movie
Paprika,8.04,#505,#393,"455,771",NA,Movie
Paprika,8.04,#505,#393,"455,771",NA,Movie
Perfect Blue,8.52,#106,#315,"558,700",NA,Movie
Perfect Blue,8.52,#106,#315,"558,700",NA,Movie
Phantom: Requiem for the Phantom,7.97,#606,#615,"308,589",Spring 2009,TV
Pico to Chico,4.36,N/A,#2236,"67,491",NA,OVA
Pico x CoCo x Chico,4.34,N/A,#2320,"63,241",NA,OVA
Ping Pong the Animation,8.62,#72,#550,"339,880",Spring 2014,TV
Plastic Memories,7.92,#674,#161,"829,064",Spring 2015,TV
Plastic Memories,7.92,#674,#161,"829,064",Spring 2015,TV
Poputepipikku TV Special,7.34,#2263,#4006,"22,292",NA,Special
Prince of Stride: Alternative,6.91,#4302,#1179,"163,411",Winter 2016,TV
Prison School,7.63,#1280,#145,"883,332",Summer 2015,TV
Prison School,7.63,#1280,#145,"883,332",Summer 2015,TV
Psycho-Pass,8.35,#198,#55,"1,455,814",Fall 2012,TV
Psycho-Pass,8.35,#198,#55,"1,455,814",Fall 2012,TV
Psycho-Pass,8.35,#198,#55,"1,455,814",Fall 2012,TV
Psycho-Pass 2,7.4,#2018,#285,"592,749",Fall 2014,TV
Psycho-Pass 2,7.4,#2018,#285,"592,749",Fall 2014,TV
Psycho-Pass 3,7.47,#1764,#841,"231,048",Fall 2019,TV
Pukkulapottas to Mori no Jikan,N/A,#13713,#17972,139,NA,Movie
Puparia,7.62,#1292,#3314,"33,064",NA,ONA
Rainbow: Nisha Rokubou no Shichinin,8.49,#122,#519,"356,826",Spring 2010,TV
Rakudai Kishi no Cavalry,7.47,#1765,#163,"823,694",Fall 2015,TV
Ramen Daisuki Koizumi-san,6.53,#6213,#2449,"57,997",Winter 2018,TV
Re:Zero kara Hajimeru Isekai Seikatsu,8.25,#275,#23,"1,911,745",Spring 2016,TV
Re:Zero kara Hajimeru Isekai Seikatsu,8.25,#275,#23,"1,911,745",Spring 2016,TV
Re:Zero kara Hajimeru Isekai Seikatsu,8.25,#275,#23,"1,911,745",Spring 2016,TV
Re:Zero kara Hajimeru Isekai Seikatsu 2nd Season,8.37,#185,#132,"924,589",Summer 2020,TV
Re:Zero kara Hajimeru Isekai Seikatsu 2nd Season,8.37,#185,#132,"924,589",Summer 2020,TV
Re:Zero kara Hajimeru Isekai Seikatsu 2nd Season Part 2,8.49,#123,#226,"691,785",Winter 2021,TV
ReLIFE,7.99,#584,#139,"905,559",Summer 2016,TV
ReLIFE,7.99,#584,#139,"905,559",Summer 2016,TV
Ristorante Paradiso,7.34,#2264,#2886,"42,325",Spring 2009,TV
Rokka no Yuusha,7.3,#2454,#305,"572,306",Summer 2015,TV
Rokuhou-dou Yotsuiro Biyori,7.62,#1293,#3597,"28,067",Spring 2018,TV
Sakura Trick,6.98,#3983,#809,"241,471",Winter 2014,TV
Sakura-sou no Pet na Kanojo,8.11,#435,#93,"1,127,474",Fall 2012,TV
Sakura-sou no Pet na Kanojo,8.11,#435,#93,"1,127,474",Fall 2012,TV
Samurai Champloo,8.5,#117,#99,"1,094,214",Spring 2004,TV
Samurai Champloo,8.5,#117,#99,"1,094,214",Spring 2004,TV
Sankarea,7.3,#2455,#321,"553,060",Spring 2012,TV
Sasaki to Miyano,8.28,#251,#1544,"115,609",Winter 2022,TV
Sasameki Koto,7.07,#3609,#2231,"67,701",Fall 2009,TV
Satsuriku no Tenshi,6.95,#4124,#313,"562,370",Summer 2018,TV
Satsuriku no Tenshi,6.95,#4124,#313,"562,370",Summer 2018,TV
Seishun Buta Yarou wa Bunny Girl Senpai no Yume wo Minai,8.28,#252,#57,"1,448,376",Fall 2018,TV
Seishun Buta Yarou wa Bunny Girl Senpai no Yume wo Minai,8.28,#252,#57,"1,448,376",Fall 2018,TV
Seishun Buta Yarou wa Bunny Girl Senpai no Yume wo Minai,8.28,#252,#57,"1,448,376",Fall 2018,TV
Seishun Buta Yarou wa Bunny Girl Senpai no Yume wo Minai,8.28,#252,#57,"1,448,376",Fall 2018,TV
Seitokaichou ni Chuukoku,6.95,N/A,#2759,"45,850",NA,OVA
Seiyou Kottou Yougashiten: Antique,7.03,#3800,#3196,"35,287",Summer 2008,TV
Sekaiichi Hatsukoi,7.69,#1127,#965,"202,183",Spring 2011,TV
Sekaiichi Hatsukoi 2,7.88,#741,#1298,"145,754",Fall 2011,TV
Sekaiichi Hatsukoi Movie: Yokozawa Takafumi no Baai,7.88,#742,#2375,"60,617",NA,Movie
Sekaiichi Hatsukoi OVA,7.89,#734,#2253,"66,475",NA,OVA
Sen to Chihiro no Kamikakushi,8.78,#36,#43,"1,599,914",NA,Movie
Sen to Chihiro no Kamikakushi,8.78,#36,#43,"1,599,914",NA,Movie
Sen to Chihiro no Kamikakushi,8.78,#36,#43,"1,599,914",NA,Movie
Sensitive Pornograph,6.68,N/A,#2834,"43,477",NA,OVA
Serial Experiments Lain,8.07,#487,#259,"627,051",Summer 1998,TV
Serial Experiments Lain,8.07,#487,#259,"627,051",Summer 1998,TV
Serial Experiments Lain,8.07,#487,#259,"627,051",Summer 1998,TV
Shigatsu wa Kimi no Uso,8.67,#57,#21,"1,923,015",Fall 2014,TV
Shigatsu wa Kimi no Uso,8.67,#57,#21,"1,923,015",Fall 2014,TV
Shiki,7.75,#991,#330,"540,516",Summer 2010,TV
Shiki,7.75,#991,#330,"540,516",Summer 2010,TV
Shiki,7.75,#991,#330,"540,516",Summer 2010,TV
Shingeki no Kyojin,8.53,#105,#1,"3,401,578",Spring 2013,TV
Shingeki no Kyojin,8.53,#105,#1,"3,401,578",Spring 2013,TV
Shingeki no Kyojin Season 2,8.5,#118,#12,"2,298,766",Spring 2017,TV
Shingeki no Kyojin Season 2,8.5,#118,#12,"2,298,766",Spring 2017,TV
Shingeki no Kyojin Season 3,8.62,#74,#20,"1,942,875",Summer 2018,TV
Shingeki no Kyojin Season 3,8.62,#74,#20,"1,942,875",Summer 2018,TV
Shingeki no Kyojin Season 3 Part 2,9.08,#3,#31,"1,821,013",Spring 2019,TV
Shingeki no Kyojin Season 3 Part 2,9.08,#3,#31,"1,821,013",Spring 2019,TV
Shingeki no Kyojin: The Final Season,8.85,#26,#46,"1,570,927",Winter 2021,TV
Shingeki no Kyojin: The Final Season,8.85,#26,#46,"1,570,927",Winter 2021,TV
Shinsekai yori,8.31,#234,#217,"712,730",Fall 2012,TV
Shinsekai yori,8.31,#234,#217,"712,730",Fall 2012,TV
Shinsekai yori,8.31,#234,#217,"712,730",Fall 2012,TV
Shokugeki no Souma,8.18,#350,#53,"1,471,088",Spring 2015,TV
Shokugeki no Souma: Gou no Sara,7.32,#2359,#414,"437,447",Spring 2020,TV
Shokugeki no Souma: Ni no Sara,8.11,#436,#113,"1,015,874",Summer 2016,TV
Shokugeki no Souma: Ni no Sara OVA,7.48,#1727,#1287,"147,158",NA,OVA
Shokugeki no Souma: San no Sara,8.04,#507,#150,"860,480",Fall 2017,TV
Shokugeki no Souma: San no Sara - Tootsuki Ressha-hen,7.99,#586,#257,"630,694",Spring 2018,TV
Shokugeki no Souma: Shin no Sara,7.75,#992,#343,"521,660",Fall 2019,TV
Shoujo Kakumei Utena: Adolescence Mokushiroku,7.62,#1297,#2773,"45,395",NA,Movie
Shoujo Kakumei Utena: Adolescence Mokushiroku,7.62,#1297,#2773,"45,395",NA,Movie
Simoun,7.44,#1873,#3011,"39,374",Spring 2006,TV
Slam Dunk,8.54,#95,#776,"253,273",Fall 1993,TV
Sono Bisque Doll wa Koi wo Suru,8.39,#170,#241,"648,164",Winter 2022,TV
Sono Hanabira ni Kuchizuke wo: Anata to Koibito Tsunagi,7.24,N/A,#2661,"49,653",NA,OVA
Soul Eater,7.84,#809,#54,"1,457,675",Spring 2008,TV
Soul Eater,7.84,#809,#54,"1,457,675",Spring 2008,TV
Soul Eater,7.84,#809,#54,"1,457,675",Spring 2008,TV
Soul Eater,7.84,#809,#54,"1,457,675",Spring 2008,TV
Steins;Gate,9.08,#5,#13,"2,225,913",Spring 2011,TV
Steins;Gate,9.08,#5,#13,"2,225,913",Spring 2011,TV
Steins;Gate,9.08,#5,#13,"2,225,913",Spring 2011,TV
Steins;Gate 0,8.52,#107,#188,"755,214",Spring 2018,TV
Steins;Gate 0,8.52,#107,#188,"755,214",Spring 2018,TV
Steins;Gate: Kyoukaimenjou no Missing Link - Divide By Zero,8.25,#277,#859,"225,960",NA,Special
Strawberry Panic,7.29,#2550,#1417,"129,572",Spring 2006,TV
Suki na Mono wa Suki Dakara Shou ga Nai!!,6.67,#5455,#2730,"47,130",Winter 2005,TV
Super Lovers,6.91,#4308,#1404,"131,109",Spring 2016,TV
Super Lovers 2,7.16,#3169,#1994,"81,235",Winter 2017,TV
Suzumiya Haruhi no Shoushitsu,8.62,#75,#317,"558,126",NA,Movie
Suzumiya Haruhi no Yuuutsu,7.84,#810,#155,"842,263",Spring 2006,TV
Suzumiya Haruhi no Yuuutsu,7.84,#810,#155,"842,263",Spring 2006,TV
Suzumiya Haruhi no Yuuutsu,7.84,#810,#155,"842,263",Spring 2006,TV
Suzumiya Haruhi no Yuuutsu (2009),7.22,#2863,#367,"484,328",Spring 2009,TV
Suzumiya Haruhi no Yuuutsu (2009),7.22,#2863,#367,"484,328",Spring 2009,TV
Sword Art Online,7.2,#2964,#5,"2,737,387",Summer 2012,TV
Sword Art Online,7.2,#2964,#5,"2,737,387",Summer 2012,TV
Sword Art Online,7.2,#2964,#5,"2,737,387",Summer 2012,TV
Sword Art Online,7.2,#2964,#5,"2,737,387",Summer 2012,TV
Sword Art Online II,6.71,#5245,#33,"1,764,941",Summer 2014,TV
Sword Art Online II,6.71,#5245,#33,"1,764,941",Summer 2014,TV
Sword Art Online II,6.71,#5245,#33,"1,764,941",Summer 2014,TV
Sword Art Online II,6.71,#5245,#33,"1,764,941",Summer 2014,TV
Sword Art Online: Alicization,7.56,#1459,#144,"890,854",Fall 2018,TV
Tachibanakan Triangle,5.6,#10492,#2392,"60,070",Spring 2018,TV
Takano Kousaten,6.84,#4585,#11913,892,NA,Movie
Takunomi.,6.42,#6795,#2874,"42,678",Winter 2018,TV
Tamako Love Story,7.94,#646,#560,"332,599",NA,Movie
Tamako Market,7.39,#2088,#491,"375,724",Winter 2013,TV
Tanaka-kun wa Itsumo Kedaruge,7.86,#769,#448,"406,294",Spring 2016,TV
Tasogare Otome x Amnesia,7.84,#811,#503,"364,619",Spring 2012,TV
Tate no Yuusha no Nariagari,8.02,#536,#74,"1,321,158",Winter 2019,TV
Tate no Yuusha no Nariagari,8.02,#536,#74,"1,321,158",Winter 2019,TV
Tate no Yuusha no Nariagari,8.02,#536,#74,"1,321,158",Winter 2019,TV
Tengen Toppa Gurren Lagann,8.64,#68,#59,"1,436,522",Spring 2007,TV
Tengen Toppa Gurren Lagann,8.64,#68,#59,"1,436,522",Spring 2007,TV
Tengen Toppa Gurren Lagann,8.64,#68,#59,"1,436,522",Spring 2007,TV
Tengen Toppa Gurren Lagann,8.64,#68,#59,"1,436,522",Spring 2007,TV
Tenki no Ko,8.32,#220,#171,"789,960",NA,Movie
Tenki no Ko,8.32,#220,#171,"789,960",NA,Movie
Tenkuu Shinpan,6.75,#5058,#803,"244,295",NA,ONA
Tennis no Ouji-sama,7.87,#764,#1169,"165,125",Fall 2001,TV
Tensei shitara Slime Datta Ken,8.13,#405,#89,"1,154,849",Fall 2018,TV
Tensei shitara Slime Datta Ken,8.13,#405,#89,"1,154,849",Fall 2018,TV
Tensei shitara Slime Datta Ken,8.13,#405,#89,"1,154,849",Fall 2018,TV
Tenshi no Tamago,7.7,#1096,#1494,"119,792",NA,OVA
The God of High School,7.07,#3617,#190,"751,238",Summer 2020,TV
Tight-rope,7.01,#3895,#2757,"45,868",NA,OVA
Toaru Majutsu no Index,7.38,#2110,#198,"738,165",Fall 2008,TV
Togainu no Chi,6.25,#7718,#1970,"83,033",Fall 2010,TV
Toki wo Kakeru Shoujo,8.14,#386,#214,"719,883",NA,Movie
Tokyo Ghoul,7.8,#880,#7,"2,474,684",Summer 2014,TV
Tokyo Ghoul,7.8,#880,#7,"2,474,684",Summer 2014,TV
Tokyo Ghoul,7.8,#880,#7,"2,474,684",Summer 2014,TV
Tokyo Ghoul:re,6.39,#6993,#118,"1,001,033",Spring 2018,TV
Tokyo Ghoul:re 2nd Season,6.4,#6905,#210,"723,116",Fall 2018,TV
Tokyo Revengers,8.14,#387,#135,"922,031",Spring 2021,TV
Tonari no Kaibutsu-kun,7.49,#1718,#122,"954,303",Fall 2012,TV
Tonari no Kaibutsu-kun,7.49,#1718,#122,"954,303",Fall 2012,TV
Tonari no Kyuuketsuki-san,7.09,#3519,#1813,"93,476",Fall 2018,TV
Tonari no Totoro,8.26,#267,#136,"917,246",NA,Movie
Tonari no Totoro,8.26,#267,#136,"917,246",NA,Movie
Toradora!,8.11,#438,#18,"1,964,127",Fall 2008,TV
Toradora!,8.11,#438,#18,"1,964,127",Fall 2008,TV
Toradora!: Bentou no Gokui,7.44,#1878,#1173,"164,531",NA,Special
Toradora!: SOS! Kuishinbou Banbanzai,6.4,#6906,#1725,"101,517",NA,Special
Toriko,7.53,#1590,#1535,"116,386",Spring 2011,TV
Trigun,8.22,#305,#240,"654,543",Spring 1998,TV
Tsumiki no Ie,8.03,#532,#1878,"88,416",NA,Movie
Uchi no Maid ga Uzasugiru!,6.91,#4312,#1640,"107,426",Fall 2018,TV
Uragiri wa Boku no Namae wo Shitteiru,7.22,#2867,#1826,"92,767",Spring 2010,TV
Urasekai Picnic,6.58,#5906,#1730,"101,014",Winter 2021,TV
Usagi Drop,8.38,#182,#399,"450,864",Summer 2011,TV
Utsu Musume Sayuri,1.98,#12603,#4328,"18,736",NA,OVA
Uzumaki,N/A,N/A,#2170,"70,349",Fall 2022,TV
Valkyrie Drive: Mermaid,6.06,#8670,#1462,"124,435",Fall 2015,TV
Vampire Knight,6.91,#4314,#319,"556,803",Spring 2008,TV
Vinland Saga,8.73,#43,#102,"1,084,604",Summer 2019,TV
Vinland Saga,8.73,#43,#102,"1,084,604",Summer 2019,TV
Violet Evergarden,8.67,#58,#51,"1,492,618",Winter 2018,TV
Violet Evergarden,8.67,#58,#51,"1,492,618",Winter 2018,TV
Violet Evergarden,8.67,#58,#51,"1,492,618",Winter 2018,TV
Violet Evergarden Movie,8.95,#17,#422,"431,215",NA,Movie
Vivy: Fluorite Eye's Song,8.45,#139,#435,"414,950",Spring 2021,TV
Wakako-zake,6.63,#5657,#3096,"37,540",Summer 2015,TV
Watashi ni Tenshi ga Maiorita!,7.31,#2436,#1093,"175,568",Winter 2019,TV
Wotaku ni Koi wa Muzukashii,7.95,#639,#166,"810,395",Spring 2018,TV
Yagate Kimi ni Naru,7.91,#706,#692,"281,496",Fall 2018,TV
Yahari Ore no Seishun Love Comedy wa Machigatteiru.,8.02,#539,#82,"1,252,814",Spring 2013,TV
Yahari Ore no Seishun Love Comedy wa Machigatteiru.,8.02,#539,#82,"1,252,814",Spring 2013,TV
Yahari Ore no Seishun Love Comedy wa Machigatteiru. Zoku,8.23,#300,#130,"928,207",Spring 2015,TV
Yahari Ore no Seishun Love Comedy wa Machigatteiru. Zoku,8.23,#300,#130,"928,207",Spring 2015,TV
Yakitate!! Japan,7.93,#667,#1863,"90,187",Fall 2004,TV
Yakusoku no Neverland,8.54,#97,#39,"1,673,213",Winter 2019,TV
Yakusoku no Neverland,8.54,#97,#39,"1,673,213",Winter 2019,TV
Yakusoku no Neverland,8.54,#97,#39,"1,673,213",Winter 2019,TV
Yakusoku no Neverland 2nd Season,5.37,#11229,#170,"795,080",Winter 2021,TV
Yakusoku no Neverland 2nd Season,5.37,#11229,#170,"795,080",Winter 2021,TV
Yamada-kun to 7-nin no Majo (TV),7.57,#1449,#225,"696,097",Spring 2015,TV
Yami no Matsuei,7.04,#3743,#2578,"51,959",Fall 2000,TV
Yami Shibai,7.01,#3901,#1778,"96,555",Summer 2013,TV
Yami Shibai 2,6.5,#6365,#2796,"44,629",Summer 2014,TV
Yami Shibai 3,6.32,#7319,#3272,"33,935",Winter 2016,TV
Yami Shibai 4,5.77,#9888,#3708,"26,304",Winter 2017,TV
Yami Shibai 5,6.3,#7431,#3902,"23,544",Summer 2017,TV
Yami Shibai 6,6.15,#8226,#4317,"18,864",Summer 2018,TV
Yami Shibai 7,5.96,#9147,#4456,"17,448",Summer 2019,TV
Yami Shibai 8,5.74,#9999,#5126,"12,337",Winter 2021,TV
Yowamushi Pedal,7.95,#641,#925,"210,817",Fall 2013,TV
Yuri Kuma Arashi,7.05,#3721,#1808,"94,080",Winter 2015,TV
Yuri!!! on Ice,7.91,#707,#176,"780,721",Fall 2016,TV
Yuru Yuri,7.58,#1404,#603,"314,611",Summer 2011,TV
Yuru Yuri Nachuyachumi!,7.86,#771,#2239,"67,468",NA,OVA
Yuru Yuri Nachuyachumi!+,7.78,#915,#2631,"50,504",NA,Special
Yuukoku no Moriarty,8.14,#388,#598,"316,205",Fall 2020,TV
Zankyou no Terror,8.1,#442,#112,"1,019,493",Summer 2014,TV
Zankyou no Terror,8.1,#442,#112,"1,019,493",Summer 2014,TV
Zetsuen no Tempest,7.93,#669,#323,"551,986",Fall 2012,TV
